Policy Clause ID,Policy Requirement / Control Title,NIST CSF v2.0 Subcategory,ISO 27001:2022 Control,HIPAA Security Rule Citation,Implementation Method / Technical Evidence
POL-SEC-002-3.1.1,Default Deny Access Policy,PR.AA-01 (Identity & Credentials Management),Annex A 5.15 (Access Control),45 CFR § 164.312(a)(1) (Access Control),AWS IAM explicit deny by default policies; Okta group zero-trust baseline
POL-SEC-002-3.1.2,Role-Based Access Control (RBAC),PR.AA-05 (Access Rights Management),Annex A 5.18 (Access Rights),45 CFR § 164.312(a)(2)(i) (Unique User ID),Okta RBAC groups mapped to AWS IAM Roles (e.g. Engineer Auditor Support)
POL-SEC-002-3.1.3,Least Privilege & Admin Restrict,PR.AA-05 (Access Rights Management),Annex A 8.2 (Privileged Access Rights),45 CFR § 164.312(a)(1) (Access Control),Separate AWS Root/Admin accounts requiring PagerDuty breakdown approval
POL-SEC-002-3.2.1,Multi-Factor Authentication (MFA),PR.AA-02 (Authentication Mechanisms),Annex A 8.5 (Secure Authentication),45 CFR § 164.312(d) (Person/Entity Authentication),Enforced TOTP/Hardware Token via Okta for all cloud resources & VPN
POL-SEC-002-3.2.2,Password Complexity & History,PR.AA-02 (Authentication Mechanisms),Annex A 8.5 (Secure Authentication),45 CFR § 164.312(d) (Person/Entity Authentication),16+ char requirement and 10-password history rule enforced via Okta Policy
POL-SEC-002-3.2.3,Enterprise Password Manager,PR.AA-02 (Authentication Mechanisms),Annex A 8.5 (Secure Authentication),45 CFR § 164.308(a)(5)(ii)(D) (Password Management),1Password for Business deployed to all managed endpoints via Jamf/Intune
POL-SEC-002-3.3.1,Access Provisioning Lifecycle,PR.AA-01 (Identity & Credentials Management),Annex A 5.16 (Identity Management),45 CFR § 164.308(a)(3)(ii)(A) (Authorization/Supervision),Jira Service Desk ticketing flow requiring System Owner digital sign-off
POL-SEC-002-3.3.2,Role Modification SLA,PR.AA-05 (Access Rights Management),Annex A 5.18 (Access Rights),45 CFR § 164.308(a)(3)(ii)(B) (Access Establishment/Modification),HR trigger in BambooHR syncs to Okta to prune unneeded group permissions
POL-SEC-002-3.3.3,Offboarding & Access Revocation,PR.AA-06 (User Disengagement),Annex A 5.18 (Access Rights),45 CFR § 164.308(a)(3)(ii)(C) (Termination Procedures),Okta automated deprovisioning API (<1 hr SLA for involuntary offboarding)
POL-SEC-002-3.4.1,Third-Party & Vendor Access,PR.PS-04 (Supplier Relationship Management),Annex A 5.19 (Information Security in Supplier Relationships),45 CFR § 164.502(e) (Business Associate Contracts),Signed BAA and NDA on file; 90-day automatic expiration on vendor accounts
POL-SEC-002-3.5.1,Workstation Auto-Lock,PR.IR-01 (Infrastructures/Workstation Control),Annex A 8.1 (User Endpoint Devices),45 CFR § 164.312(a)(2)(iii) (Automatic Logoff),15-minute idle lock enforced via Jamf (macOS) and Microsoft Intune (Windows)
POL-SEC-002-4.1.1,Centralized Audit Logging,DE.CM-01 (Monitoring Networks & Assets),Annex A 8.15 (Logging),45 CFR § 164.312(b) (Audit Controls),AWS CloudTrail & Okta System Log ingested into Datadog SIEM
POL-SEC-002-4.1.2,Quarterly Access Reviews,PR.AA-05 (Access Rights Management),Annex A 5.18 (Access Rights),45 CFR § 164.308(a)(1)(ii)(D) (Information System Activity Review),Quarterly automated review campaigns generated via Vanta/Secureframe
